season,team,position,depth_chart_position,jersey_number,status,player_name,first_name,last_name,birth_date,height,weight,college,player_id,espn_id,sportradar_id,yahoo_id,rotowire_id,pff_id,pfr_id,fantasy_data_id,sleeper_id,years_exp,headshot_url,ngs_position,week,game_type,status_description_abbr,football_name,esb_id,gsis_it_id,smart_id,entry_year,rookie_year,draft_club,draft_number,age
2024,NYJ,QB,QB,8.0,ACT,Aaron Rodgers,Aaron,Rodgers,1983-12-02,74.0,225,California,00-0023459,8439,0ce48193-e2fa-466e-a986-33f751add206,7200,4307,2241,RodgAa00,2593,96,19,"https://static.www.nfl.com/image/upload/f_auto,q_auto/league/jdcb4nomlc4rd6k5l6to",QB,18,REG,A01,Aaron,ROD339293,29851,3200524f-4433-9293-a3cf-ad7758d03003,2005,2005.0,GB,24.0,40.0
2024,ATL,QB,QB,2.0,RET,Matt Ryan,Matthew,Ryan,1985-05-17,76.0,217,Boston College,00-0026143,11237,7e648a0b-fdc8-4661-a587-5826f2cac11b,8780,5610,4317,RyanMa00,732,24,16,"https://static.www.nfl.com/image/private/f_auto,q_auto/league/s6zam4ekrrnonsck6vak",,18,REG,R02,Matt,RYA238179,33084,32005259-4123-8179-1aae-5603693aba86,2008,2008.0,ATL,3.0,39.0
2024,IND,QB,QB,15.0,ACT,Joe Flacco,Joseph,Flacco,1985-01-16,78.0,245,Delaware,00-0026158,11252,64797df2-efd3-4b27-86ee-1d48f7edb09f,8795,5648,4332,FlacJo00,611,19,16,"https://static.www.nfl.com/image/upload/f_auto,q_auto/league/yxvyoeojkif7tnfviamc",QB,18,REG,A01,Joe,FLA009602,33099,3200464c-4100-9602-96e8-665718e215c0,2008,2008.0,BAL,18.0,39.0
2024,BAL,QB,QB,17.0,ACT,Josh Johnson,Joshua,Johnson,1986-05-15,75.0,219,San Diego,00-0026300,11394,73e133bf-d3f7-4fda-bd25-2fde66cb8ee1,8937,5653,4474,JohnJo05,6489,260,16,"https://static.www.nfl.com/image/upload/f_auto,q_auto/league/gbaye18gptzb1jpyswv8",,20,DIV,A01,Josh,JOH000001,33241,32004a4f-4800-0001-966a-b4f304503fea,2008,2008.0,TB,160.0,38.0
2024,LA,QB,QB,9.0,ACT,Matthew Stafford,John,Stafford,1988-02-07,75.0,220,Georgia,00-0026498,12483,ade43b1a-0601-4672-83b6-d246bc066a19,9265,5971,4924,StafMa00,9038,421,15,"https://static.www.nfl.com/image/upload/f_auto,q_auto/league/xdlnnbapdbk8trxqlasu",QB,20,DIV,A01,Matthew,STA134157,34452,32005354-4113-4157-19b1-37e6835d09b9,2009,2009.0,DET,1.0,36.0
2024,CAR,QB,QB,14.0,ACT,Andy Dalton,Andrew,Dalton,1987-10-29,74.0,220,Texas Christian,00-0027973,14012,d2a0e5af-3850-4f16-8e40-a0b1d15c2ce1,24822,7355,6187,DaltAn00,12841,829,13,"https://static.www.nfl.com/image/upload/f_auto,q_auto/league/az1zo7fl2tozg50tgs0d",,18,REG,A01,Andy,DAL659900,37110,32004441-4c65-9900-551d-a31a0423b3ca,2011,2011.0,CIN,35.0,36.0
2024,NYJ,QB,QB,2.0,ACT,Tyrod Taylor,Tyrod,Taylor,1989-08-03,73.0,215,Virginia Tech,00-0028118,14163,7f3ef024-eb34-46af-8b9e-544cdf09378f,24967,7357,6332,TaylTy00,12831,827,13,"https://static.www.nfl.com/image/upload/f_auto,q_auto/league/xk8e04jdsvigd6fky3uy",,18,REG,A01,Tyrod,TAY764868,37255,32005441-5976-4868-b81d-df31fbb7fe72,2011,2011.0,BAL,180.0,35.0
2024,HOU,QB,QB,18.0,RES,Case Keenum,Casey,Keenum,1988-02-17,73.0,215,Houston,00-0028986,15168,1b3d350a-478b-4542-a430-d12cc96adc22,26483,8065,7323,,15694,1737,12,"https://static.www.nfl.com/image/upload/f_auto,q_auto/league/zj2xieg6nctsabgzu65n",,20,DIV,R01,Case,KEE690598,38937,32004b45-4569-0598-1a82-7cad5305e148,2012,2012.0,,,36.0
2024,PIT,QB,QB,3.0,ACT,Russell Wilson,Russell,Wilson,1988-11-29,71.0,215,Wisconsin,00-0029263,14881,409d4cac-ee90-4470-9710-ebe671678339,25785,8043,7077,WilsRu00,14536,1234,12,"https://static.www.nfl.com/image/upload/f_auto,q_auto/league/u36rhg0md8ey3b4khbre",QB,19,WC,A01,Russell,WIL777781,38605,32005749-4c77-7781-795c-94c753706d1d,2012,2012.0,SEA,75.0,35.0
2024,ATL,QB,QB,18.0,ACT,Kirk Cousins,Kirk,Cousins,1988-08-19,75.0,202,Michigan State,00-0029604,14880,bbd0942c-6f77-4f83-a6d0-66ec6548019e,25812,8057,7102,CousKi00,14252,1166,12,"https://static.www.nfl.com/image/upload/f_auto,q_auto/league/yt6n07jezvfmcsoq0j13",,18,REG,A01,Kirk,COU709400,38632,3200434f-5570-9400-e1ae-f835abb5963e,2012,2012.0,WAS,102.0,36.0
2024,SEA,QB,QB,7.0,ACT,Geno Smith,Eugene,Smith,1990-10-10,75.0,221,West Virginia,00-0030565,15864,cfc93f5e-105e-4a5e-88d3-f4279893cfa8,26662,8743,7820,SmitGe00,14895,1373,11,"https://static.www.nfl.com/image/upload/f_auto,q_auto/league/izkm5yyxybb5uy5dkcgf",QB,18,REG,A01,Geno,SMI269700,39987,3200534d-4926-9700-a278-7821d73d1c6a,2013,2013.0,NYJ,39.0,33.0
2024,DET,QB,QB,12.0,ACT,Teddy Bridgewater,Theodore,Bridgewater,1992-11-10,74.0,215,Louisville,00-0031237,16728,d4cb52a9-f6b4-42ed-b40b-27bff5f1eea7,27560,9245,8667,BridTe00,16497,2152,10,"https://static.www.nfl.com/image/private/f_auto,q_auto/league/q5p8afhezmpvc1xbwibf",QB,20,DIV,A01,Teddy,BRI129168,41258,32004252-4912-9168-84fe-1a998a0eb85b,2014,2014.0,MIN,32.0,31.0
2024,NO,QB,QB,4.0,INA,Derek Carr,Derek,Carr,1991-03-28,75.0,210,Fresno State,00-0031280,16757,9f026fc0-4449-4dc5-a226-2e2830619381,27564,9317,8671,CarrDe02,16311,2028,10,"https://static.www.nfl.com/image/upload/f_auto,q_auto/league/qsz1pyrlu6bmvby6maaf",,18,REG,A01,Derek,CAR358797,41265,32004341-5235-8797-3b9a-0d2711c0bc27,2014,2014.0,OAK,36.0,33.0
2024,LA,QB,QB,11.0,ACT,Jimmy Garoppolo,James,Garoppolo,1991-11-02,74.0,225,Eastern Illinois,00-0031345,16760,42de9d1d-0352-460b-9172-9452414fd7fd,27590,9320,8697,GaroJi00,16041,1837,10,"https://static.www.nfl.com/image/upload/f_auto,q_auto/league/lbyjizqecoq4onrgectw",,20,DIV,A01,Jimmy,GAR363225,41291,32004741-5236-3225-90e6-5bfdba41064c,2014,2014.0,NE,62.0,32.0
2024,CLE,QB,QB,5.0,INA,Jameis Winston,Jameis,Winston,1994-01-06,76.0,231,Florida State,00-0031503,2969939,fb3b36fc-b985-4807-8199-d038d7e62a93,28389,10037,9434,WinsJa00,16762,2306,9,"https://static.www.nfl.com/image/upload/f_auto,q_auto/league/chdeosreuupotgq0eqlm",,18,REG,I02,Jameis,WIN623708,42344,32005749-4e62-3708-9650-e59a3f7bea83,2015,2015.0,TB,1.0,30.0
2024,LAC,QB,QB,8.0,ACT,Taylor Heinicke,Taylor,Heinicke,1993-03-15,73.0,210,Old Dominion,00-0031800,2565969,2c259733-ec2c-4e3c-bb7b-34dc0d37dc34,28839,10179,9896,HeinTa00,17179,2711,9,"https://static.www.nfl.com/image/upload/f_auto,q_auto/league/fz9e0aufjyyo5raclwji",,19,WC,A01,Taylor,HEI610185,42831,32004845-4961-0185-afff-3aef55a8ec24,2015,2015.0,,,31.0
2024,TEN,QB,QB,3.0,DEV,Trevor Siemian,Trevor,Siemian,1991-12-26,75.0,220,Northwestern,00-0032156,2511109,e23dc743-ecee-4cf3-a263-69d3da3bae94,28638,10483,9683,SiemTr00,17009,2549,9,"https://static.www.nfl.com/image/private/f_auto,q_auto/league/vmksfbms9zefxezf39sb",,18,REG,P07,Trevor,SIE461866,42593,32005349-4546-1866-e481-b01fc4505cd5,2015,2015.0,DEN,250.0,32.0
2024,WAS,QB,QB,18.0,ACT,Marcus Mariota,Marcus,Mariota,1993-10-30,76.0,222,Oregon,00-0032268,2576980,7c16c04c-04de-41f3-ac16-ad6a9435e3f7,28390,10074,9435,MariMa01,16763,2307,9,"https://static.www.nfl.com/image/upload/f_auto,q_auto/league/b9ribxqudeehvmjlw0va",QB,21,CON,A01,Marcus,MAR186347,42345,32004d41-5218-6347-2b09-64276fa61f68,2015,2015.0,TEN,2.0,30.0
2024,SF,QB,QB,17.0,ACT,Brandon Allen,Brandon,Allen,1992-09-05,74.0,209,Arkansas,00-0032434,2574511,a8c3bcd7-69d0-4c5e-a876-6b33857942bc,29435,10882,10835,AlleBr00,18118,3357,8,"https://static.www.nfl.com/image/upload/f_auto,q_auto/league/xn9eheiy6kty4movmlak",,18,REG,A01,Brandon,ALL063816,43490,3200414c-4c06-3816-a995-21614b984798,2016,2016.0,JAX,201.0,31.0
2024,WAS,QB,QB,16.0,INA,Jeff Driskel,Jeffrey,Driskel,1993-04-23,76.0,235,Louisiana Tech,00-0032436,2574630,4d517d8f-fe4d-4c89-9a2a-fee836ba4a71,29441,11026,10841,DrisJe00,18123,3362,8,"https://static.www.nfl.com/image/upload/f_auto,q_auto/league/qvyjv4da7ya6erhqx67m",,21,CON,I02,Jeff,DRI392790,43496,32004452-4939-2790-3aab-117735a7f4ab,2016,2016.0,SF,207.0,31.0
2024,DET,QB,QB,8.0,CUT,Nate Sudfeld,Nathan,Sudfeld,1993-10-07,78.0,227,Indiana,00-0032792,2979501,e1c506bd-9e36-45e7-b2b9-fff6a9728a06,29421,11187,10821,SudfNa00,18104,3343,8,"https://static.www.nfl.com/image/upload/f_auto,q_auto/league/l1acxbghxcms27qi59nq",,1,REG,A01,Nate,SUD197144,43476,32005355-4419-7144-f452-fa8c30a99f40,2016,2016.0,WAS,187.0,30.0
2024,KC,QB,QB,11.0,ACT,Carson Wentz,Carson,Wentz,1992-12-30,77.0,237,North Dakota State,00-0032950,2573079,e9a5c16b-4472-4be9-8030-3f77be7890cb,29236,10856,10636,WentCa00,17920,3161,8,"https://static.www.nfl.com/image/upload/f_auto,q_auto/league/jtwkpwc18ivthztykkc8",,22,SB,A01,Carson,WEN615770,43291,32005745-4e61-5770-9c68-1652f876bc72,2016,2016.0,PHI,2.0,31.0
2024,DAL,QB,QB,4.0,RES,Dak Prescott,Rayne,Prescott,1993-07-29,74.0,238,Mississippi State,00-0033077,2577417,86197778-8d4b-4eba-affe-08ef7be7c70b,29369,11008,10769,PresDa01,18055,3294,8,"https://static.www.nfl.com/image/upload/f_auto,q_auto/league/xmtaggdnhuyl4pdwtv8j",,18,REG,R01,Dak,PRE285723,43424,32005052-4528-5723-d1b2-96e92ebc1241,2016,2016.0,DAL,135.0,31.0
2024,DET,QB,QB,16.0,ACT,Jared Goff,Jared,Goff,1994-10-14,76.0,223,California,00-0033106,3046779,aba8f925-ffbf-4654-bfa7-a25d3d237494,29235,10729,10635,GoffJa00,17922,3163,8,"https://static.www.nfl.com/image/upload/f_auto,q_auto/league/jxyaiwwkabzmmphouxil",QB,20,DIV,A01,Jared,GOF219636,43290,3200474f-4621-9636-7354-d2eb6365d257,2016,2016.0,LA,1.0,29.0
2024,NE,QB,QB,7.0,ACT,Jacoby Brissett,Jacoby,Brissett,1992-12-11,76.0,235,North Carolina State,00-0033119,2578570,ad2258ab-67f0-41c2-bcf3-f3ba145187dc,29325,10919,10725,BrisJa00,18018,3257,8,"https://static.www.nfl.com/image/upload/f_auto,q_auto/league/dps7iuuc2zwl68yppqux",,18,REG,A01,Jacoby,BRI516391,43380,32004252-4951-6391-fb1e-f908d9b96e12,2016,2016.0,NE,91.0,31.0
2024,SEA,QB,QB,15.0,CUT,PJ Walker,Phillip,Walker,1995-02-26,71.0,212,Temple,00-0033275,3051308,0666e6c6-42d9-40ab-83bd-7bbf81e9ac9c,30538,12371,12134,WalkPh00,19191,4335,7,"https://static.www.nfl.com/image/upload/f_auto,q_auto/league/rfbfapksdwh1o4othraq",,1,REG,A01,P.J.,WAL291489,45159,32005741-4c29-1489-568d-26e6f08d55b5,2017,2017.0,,,29.0
2024,MIN,QB,QB,12.0,ACT,Nick Mullens,Nicholas,Mullens,1995-03-21,73.0,210,Southern Mississippi,00-0033319,3059989,7738fea8-7ea2-4c4c-b589-bca90b070819,30563,12511,12282,MullNi00,19330,4464,7,"https://static.www.nfl.com/image/upload/f_auto,q_auto/league/xkbzegq3t29ean26xyp0",,19,WC,A01,Nick,MUL486612,45198,32004d55-4c48-6612-b03b-50f8fc6abe24,2017,2017.0,,,29.0
2024,CLE,QB,QB,4.0,RES,Deshaun Watson,Derrick,Watson,1995-09-14,75.0,221,Clemson,00-0033537,3122840,eec5265c-7731-4bb6-8af2-4f98a67f9ab7,30125,11712,11767,WatsDe00,18857,4017,7,"https://static.www.nfl.com/image/private/f_auto,q_auto/league/otfs2docj6eahaebo5xn",,18,REG,R01,Deshaun,WAT338355,44824,32005741-5433-8355-e029-e49022cf4b81,2017,2017.0,HOU,12.0,28.0
2024,DAL,QB,QB,10.0,ACT,Cooper Rush,Cooper,Rush,1993-11-21,75.0,225,Central Michigan,00-0033662,2972515,4595c8ea-9d85-4504-8a34-2c8a02349105,30788,11841,12324,RushCo00,19461,4574,7,"https://static.www.nfl.com/image/upload/f_auto,q_auto/league/amuag2qiwa9veml1lhvs",,18,REG,A01,Cooper,RUS046607,45536,32005255-5304-6607-6ca0-6d97a0d0f253,2017,2017.0,,,30.0
2024,BUF,QB,QB,11.0,ACT,Mitchell Trubisky,Mitchell,Trubisky,1994-08-20,75.0,215,North Carolina,00-0033869,3039707,7a1b8f1a-9024-4897-86b0-01c63e00305e,30115,11709,11757,TrubMi00,18811,3976,7,"https://static.www.nfl.com/image/upload/f_auto,q_auto/league/jetjlsljpb3shogn5grq",,21,CON,A01,Mitchell,TRU215336,44814,32005452-5521-5336-8519-c8cb45ea9b74,2017,2017.0,CHI,2.0,30.0
2024,KC,QB,QB,15.0,ACT,Patrick Mahomes,Patrick,Mahomes,1995-09-17,74.0,230,Texas Tech,00-0033873,3139477,11cad59d-90dd-449c-a839-dddaba4fe16c,30123,11839,11765,MahoPa00,18890,4046,7,"https://static.www.nfl.com/image/upload/f_auto,q_auto/league/qrdbvu4iqy7wkqg8jq8d",QB,22,SB,A01,Patrick,MAH401939,44822,32004d41-4840-1939-e4c1-bb89191b4e71,2017,2017.0,KC,10.0,28.0
2024,JAX,QB,QB,19.0,ACT,C.J. Beathard,Casey,Beathard,1993-11-16,74.0,215,Iowa,00-0033936,2979520,6608fdbf-6c93-47cc-ad44-9da2fda598ce,30217,11833,11859,BeatC.00,18973,4127,7,"https://static.www.nfl.com/image/private/f_auto,q_auto/league/yw8euaevcvwswbx5w27w",,18,REG,A01,C.J.,BEA000000,44916,32004245-4100-0000-1302-8b14c2a27740,2017,2017.0,SF,104.0,30.0
2024,SF,QB,QB,5.0,ACT,Joshua Dobbs,Robert,Dobbs,1995-01-26,75.0,216,Tennessee,00-0033949,3044720,15bedebc-839e-450a-86f6-1f5ad1f4f820,30248,11834,11890,DobbJo00,19025,4179,7,"https://static.www.nfl.com/image/upload/f_auto,q_auto/league/vjl8nqbcodtgzppwyemb",QB,18,REG,A01,Joshua,DOB302360,44948,3200444f-4230-2360-8e14-dbbe1dede120,2017,2017.0,PIT,135.0,29.0
2024,ATL,QB,QB,4.0,DEV,Nathan Peterman,Nathan,Peterman,1994-05-04,74.0,225,Pittsburgh,00-0033958,2972236,4e4ba1f9-35c6-4e41-85f5-d8f12d32f459,30284,11840,11926,PeteNa00,19029,4183,7,"https://static.www.nfl.com/image/private/f_auto,q_auto/league/owifll49p0mmsjgf7rhn",,18,REG,P07,Nathan,PET071806,44984,32005045-5407-1806-8416-0c28f3e38ba0,2017,2017.0,BUF,171.0,30.0
2024,NYG,QB,QB,12.0,INA,Tim Boyle,Timothy,Boyle,1994-10-03,76.0,233,Eastern Kentucky,00-0034177,3045169,d897b70f-29d9-477e-a72a-c9bfbadb70d3,31431,13109,21956,,20283,5257,6,"https://static.www.nfl.com/image/upload/f_auto,q_auto/league/zmfyonfo6ohn5bxqwaxg",,18,REG,A01,Tim,BOY696580,46430,3200424f-5969-6580-30ab-073b70dbd48b,2018,2018.0,,,29.0
2024,BUF,QB,QB,14.0,INA,Mike White,Michael,White,1995-03-25,77.0,225,Western Kentucky,00-0034401,3051381,f4808328-86e9-459d-a2bc-18e90c7d211e,31141,12826,46453,WhitMi01,19972,5089,6,"https://static.www.nfl.com/image/upload/f_auto,q_auto/league/fmffqxu8o4ckhspqd8vm",,21,CON,I02,Mike,WHI367864,46240,32005748-4936-7864-3ac7-015862958e61,2018,2018.0,DAL,171.0,29.0
2024,CIN,QB,QB,11.0,DEV,Logan Woodside,Logan,Woodside,1995-01-27,73.0,213,Toledo,00-0034438,3042749,ddff375b-365e-4af1-b9ae-58d03b1b1195,31219,12949,46517,WoodLo00,20055,5128,6,"https://static.www.nfl.com/image/upload/f_auto,q_auto/league/hf5rgpjctslpwjzl0er9",,18,REG,P07,Logan,WOO629467,46318,3200574f-4f62-9467-6326-adb124a79e35,2018,2018.0,CIN,249.0,29.0
2024,PIT,QB,QB,4.0,INA,Kyle Allen,Kyle,Allen,1996-03-08,75.0,211,Houston,00-0034577,3115293,d2023f5b-f73b-43ad-a816-f10dadfdfaed,31301,12623,26152,AlleKy00,20053,5127,6,"https://static.www.nfl.com/image/upload/f_auto,q_auto/league/knqlp0qrchvv6rjayshv",,19,WC,A01,Kyle,ALL543234,46761,3200414c-4c54-3234-6e5f-74f0c92c233b,2018,2018.0,,,28.0
2024,LAC,QB,QB,11.0,CUT,Luis Perez,Luis,Perez,1994-08-06,75.0,220,Texas A&amp;M-Commerce,00-0034737,4290778,90395591-32e3-42e8-962f-1f82f7cd6e75,31734,13078,66453,,20507,5709,6,"https://static.www.nfl.com/image/private/f_auto,q_auto/league/elbfiuz2jv1dz5lnq2pw",,1,REG,W03,Luis,PER042269,46917,32005045-5204-2269-4d0d-0855e8db4632,2018,2018.0,,,30.0
2024,TEN,QB,QB,11.0,ACT,Mason Rudolph,Mason,Rudolph,1995-07-17,77.0,235,Oklahoma State,00-0034771,3116407,be4ca0ad-f3d6-4b98-a37f-79d0cbc06390,31046,12629,46569,RudoMa00,19850,4972,6,"https://static.www.nfl.com/image/upload/f_auto,q_auto/league/pn938e0z2fobxmzfxmlh",QB,18,REG,A01,Mason,RUD321216,46145,32005255-4432-1216-a9be-28502c0847e4,2018,2018.0,PIT,76.0,29.0
2024,BAL,QB,QB,8.0,ACT,Lamar Jackson,Lamar,Jackson,1997-01-07,74.0,212,Louisville,00-0034796,3916387,e06a9c07-453a-4bb0-a7e9-2c3a64166dad,31002,12561,46416,JackLa00,19781,4881,6,"https://static.www.nfl.com/image/upload/f_auto,q_auto/league/cruqs6qpbykh7a2whd7p",QB,20,DIV,A01,Lamar,JAC323395,46101,32004a41-4332-3395-efb0-6c7b75de50af,2018,2018.0,BAL,32.0,27.0
2024,TB,QB,QB,6.0,ACT,Baker Mayfield,Baker,Mayfield,1995-04-14,73.0,215,Oklahoma,00-0034855,3052587,30198d30-9769-4e10-ac86-b4c91d940802,30971,12619,46518,MayfBa00,19790,4892,6,"https://static.www.nfl.com/image/upload/f_auto,q_auto/league/xrbgtbyy8a7l0ux13hjy",QB,19,WC,A01,Baker,MAY483453,46070,32004d41-5948-3453-e6ac-1ecff99fdcf6,2018,2018.0,CLE,1.0,29.0
2024,BUF,QB,QB,17.0,ACT,Josh Allen,Joshua,Allen,1996-05-21,77.0,237,Wyoming,00-0034857,3918298,3069db07-aa43-4503-ab11-2ae5c0002721,30977,12483,46601,AlleJo02,19801,4984,6,"https://static.www.nfl.com/image/upload/f_auto,q_auto/league/lq4ezafbszwwt2qsvhqv",QB,21,CON,A01,Josh,ALL529264,46076,3200414c-4c52-9264-bedc-c4ddaf201fe7,2018,2018.0,BUF,7.0,28.0
2024,MIN,QB,QB,14.0,ACT,Sam Darnold,Sam,Darnold,1997-06-05,75.0,225,Southern California,00-0034869,3912547,13d826c5-9b22-4e0a-a877-02d8c84c546b,30973,12490,29048,DarnSa00,19812,4943,6,"https://static.www.nfl.com/image/upload/f_auto,q_auto/league/agjgfwk9jk9ufoac2vpd",QB,19,WC,A01,Sam,DAR466141,46072,32004441-5246-6141-9e5c-6e7d32a03e33,2018,2018.0,NYJ,3.0,27.0
2024,JAX,QB,QB,18.0,DEV,John Wolford,John,Wolford,1995-10-16,73.0,200,Wake Forest,00-0034899,3124092,2ab1b694-1013-4661-85d4-55415d3b147f,31803,13403,46454,,20703,5806,6,"https://static.www.nfl.com/image/upload/f_auto,q_auto/league/y6biiyvgepsekqgoqb8i",,18,REG,P07,John,WOL568644,47180,3200574f-4c56-8644-9b76-ac0f15d4d563,2018,2018.0,,,28.0
2024,MIN,QB,QB,19.0,DEV,Brett Rypien,Brett,Rypien,1996-07-09,74.0,200,Boise State,00-0034955,3722362,9ab44516-2a26-4049-b630-66539c7a5dfd,32221,13620,46487,,20929,6037,5,"https://static.www.nfl.com/image/upload/f_auto,q_auto/league/oogvu5kkkboldowqkfst",,19,WC,P07,Brett,RYP415292,48090,32005259-5041-5292-b37a-51e22ef129f4,2019,2019.0,,,28.0
2024,CIN,QB,QB,6.0,ACT,Jake Browning,Jake,Browning,1996-04-11,74.0,209,Washington,00-0035100,3886812,f2f29019-7306-4b1c-a9d8-e9f802cb06e0,32138,13504,46401,,21046,6111,5,"https://static.www.nfl.com/image/upload/f_auto,q_auto/league/kuxgw7azlwgyv2ptawvf",,18,REG,A01,Jake,BRO817047,48208,32004252-4f81-7047-eee5-b238d06a81e2,2019,2019.0,,,28.0
2024,WAS,QB,QB,3.0,CUT,Trace McSorley,Trace,McSorley,1995-08-23,72.0,202,Penn State,00-0035146,3116172,d4d135fd-b710-4c12-9082-9d6e544b3f8d,32029,13752,32819,McSoTr00,20874,5974,5,"https://static.www.nfl.com/image/private/f_auto,q_auto/league/gfl6nhrkzshnhcsxfvqy",,1,REG,A01,Trace,MCS410965,47980,32004d43-5341-0965-ebd1-9af7818f36ae,2019,2019.0,BAL,197.0,29.0
2024,ARI,QB,QB,1.0,ACT,Kyler Murray,Kyler,Murray,1997-08-07,70.0,207,Oklahoma,00-0035228,3917315,dd5a6b6e-ffae-45a5-b8e6-718a9251f374,31833,13613,38334,MurrKy00,20889,5849,5,"https://static.www.nfl.com/image/upload/f_auto,q_auto/league/lsladvvsaptc29bbcah2",QB,18,REG,A01,Kyler,MUR670413,47784,32004d55-5267-0413-8d36-a5c3fd781aa0,2019,2019.0,ARI,1.0,27.0
2024,DAL,QB,QB,15.0,INA,Will Grier,Will,Grier,1995-04-03,73.0,220,West Virginia,00-0035251,3115252,7905e9be-2f66-4ff5-a6e9-dbe281bf4822,31932,13446,38265,GrieWi00,20779,5903,5,"https://static.www.nfl.com/image/upload/f_auto,q_auto/league/i4yjdmx9siwbpou4s8km",,18,REG,A01,Will,GRI022415,47883,32004752-4902-2415-512e-3cae73b00f0f,2019,2019.0,CAR,100.0,29.0
2024,DEN,QB,QB,8.0,ACT,Jarrett Stidham,Jarrett,Stidham,1996-08-08,75.0,214,Auburn,00-0035264,3892775,582fe465-135a-4901-beef-60aebce99067,31965,13438,13725,StidJa00,20954,6136,5,"https://static.www.nfl.com/image/upload/f_auto,q_auto/league/ydf4deab7bxkpjztpze5",,19,WC,A01,Jarrett,STI129837,47916,32005354-4912-9837-7193-9c8d8376b821,2019,2019.0,NE,133.0,28.0
2024,LAC,QB,QB,2.0,INA,Easton Stick,Easton,Stick,1995-09-15,73.0,224,North Dakota State,00-0035282,3120590,af291d43-a51f-44ce-b8ac-430ec68c78c8,31998,13627,29466,SticEa00,20953,6185,5,"https://static.www.nfl.com/image/upload/f_auto,q_auto/league/ybdbylsv4ikjnmwornzo",,19,WC,A01,Easton,STI420937,47949,32005354-4942-0937-5f54-4fc08152f18e,2019,2019.0,LAC,166.0,28.0
2024,LV,QB,QB,15.0,RES,Gardner Minshew,Gardner,Minshew,1996-05-16,73.0,225,Washington State,00-0035289,4038524,dabb52c0-455b-48fe-996b-abf758120623,32010,13741,41401,MinsGa00,20880,6011,5,"https://static.www.nfl.com/image/upload/f_auto,q_auto/league/zn2kvriijuixffqfx7ob",,18,REG,R01,Gardner,MIN604610,47961,32004d49-4e60-4610-dc98-dcddea9bb1f6,2019,2019.0,JAX,178.0,28.0
2024,NYG,QB,QB,2.0,ACT,Drew Lock,Drew,Lock,1996-11-10,76.0,228,Missouri,00-0035704,3924327,94325301-e0ad-4a9f-a0e5-ffec0f529be3,31874,13736,39517,LockDr00,20859,5854,5,"https://static.www.nfl.com/image/upload/f_auto,q_auto/league/tlkgzjnuugarxjeoj9vk",QB,18,REG,A01,Drew,LOC374482,47825,32004c4f-4337-4482-904c-a47f8df1d41b,2019,2019.0,DEN,42.0,27.0
2024,MIN,QB,QB,13.0,INA,Daniel Jones,Daniel,Jones,1997-05-27,77.0,220,Duke,00-0035710,3917792,0042266b-cb28-4012-bfd2-06650badad97,31838,13491,39395,JoneDa05,20841,5870,5,"https://static.www.nfl.com/image/private/f_auto,q_auto/league/zrhniboizqpxtdyz6gez",,19,WC,A01,Daniel,JON165462,47789,32004a4f-4e16-5462-39a4-3b4fa743c66f,2019,2019.0,NYG,6.0,27.0
2024,MIA,QB,QB,18.0,ACT,Tyler Huntley,Tyler,Huntley,1998-02-03,73.0,205,Utah,00-0035993,4035671,7c226f73-a59f-4db6-ad98-2766d05d4d5a,32993,14563,46448,HuntTy01,21810,7083,4,"https://static.www.nfl.com/image/upload/f_auto,q_auto/league/ex2ygunvni5o5aabnhbq",QB,18,REG,A01,Tyler,HUN827417,52895,32004855-4e82-7417-d100-b3300558f77d,2020,2020.0,,,26.0
2024,DET,QB,QB,18.0,DEV,Jake Fromm,William,Fromm,1998-07-30,74.0,222,Georgia,00-0036197,4240689,12ce10f6-7f95-42db-8ed3-36b14933484f,32837,14486,60389,FromJa00,21828,6822,4,"https://static.www.nfl.com/image/upload/f_auto,q_auto/league/i1dr9fc5smv3zpvygqil",,20,DIV,P01,Jake,FRO325139,52575,32004652-4f32-5139-dbcd-9c79c7f41e56,2020,2020.0,BUF,167.0,26.0
2024,MIA,QB,QB,1.0,INA,Tua Tagovailoa,Tua,Tagovailoa,1998-03-02,73.0,218,Alabama,00-0036212,4241479,26ad9c27-de38-495e-913c-6fb2428e76d3,32675,14465,60326,TagoTu00,21677,6768,4,"https://static.www.nfl.com/image/upload/f_auto,q_auto/league/xzdbwt2ezmxk3pjcsr1n",,18,REG,A01,Tua,TAG620344,52413,32005441-4762-0344-3a46-269f5e5e854e,2020,2020.0,MIA,5.0,26.0
2024,GB,QB,QB,10.0,ACT,Jordan Love,Jordan,Love,1998-11-02,76.0,220,Utah State,00-0036264,4036378,e5094779-e94f-4052-8597-bdbee3719f6b,32696,14371,40306,LoveJo03,21841,6804,4,"https://static.www.nfl.com/image/upload/f_auto,q_auto/league/a8xqle2vmsnumawdhswb",QB,19,WC,A01,Jordan,LOV130776,52434,32004c4f-5613-0776-be4c-ce231b05c522,2020,2020.0,GB,26.0,25.0
2024,LV,QB,QB,2.0,DEV,Jake Luton,Jake,Luton,1996-04-11,78.0,236,Oregon State,00-0036312,3124900,c81ae6df-f87f-4197-b68f-a460321b48b4,32859,14562,17287,LutoJa00,21814,7084,4,"https://static.www.nfl.com/image/private/f_auto,q_auto/league/krvobstakocdgp3puv0g",,18,REG,P01,Jake,LUT387063,52597,32004c55-5438-7063-68d9-75cbeff57a11,2020,2020.0,JAX,189.0,28.0
2024,LAC,QB,QB,10.0,ACT,Justin Herbert,Justin,Herbert,1998-03-10,78.0,237,Oregon,00-0036355,4038941,f0a8f8e3-b9e9-46ed-85e4-eec6452a8a44,32676,14446,28237,HerbJu00,21681,6797,4,"https://static.www.nfl.com/image/upload/f_auto,q_auto/league/vvwim9hpgq1zs3bufmr0",QB,19,WC,A01,Justin,HER031169,52414,32004845-5203-1169-a699-ce41d700202a,2020,2020.0,LAC,6.0,26.0
2024,NO,QB,QB,15.0,DEV,Ben DiNucci,Benjamin,DiNucci,1996-11-24,75.0,210,James Madison,00-0036384,3895785,c744ade6-bce2-4c71-8f1b-742cb183c8eb,32901,14832,34311,DiNuBe00,22146,7143,4,"https://static.www.nfl.com/image/private/f_auto,q_auto/league/o1gjqpevru8k8d98y2qn",,18,REG,P01,Ben,DIN696076,52639,32004449-4e69-6076-c776-132bd8bc99d5,2020,2020.0,DAL,231.0,27.0
2024,PHI,QB,QB,1.0,ACT,Jalen Hurts,Jalen,Hurts,1998-08-07,73.0,218,Oklahoma,00-0036389,4040715,64bd0f02-6a5d-407e-98f1-fd02048ea21d,32723,14416,40291,HurtJa00,21831,6904,4,"https://static.www.nfl.com/image/upload/f_auto,q_auto/league/k2p5yb4qmqwoo3qcapgt",QB,22,SB,A01,Jalen,HUR767022,52461,32004855-5276-7022-85cf-a74490936f42,2020,2020.0,PHI,53.0,26.0
2024,CIN,QB,QB,9.0,ACT,Joe Burrow,Joe,Burrow,1996-12-10,76.0,216,Louisiana State,00-0036442,3915511,3023ac10-4e7f-425f-9fc5-2b8e6332c92e,32671,14442,28022,BurrJo01,21693,6770,4,"https://static.www.nfl.com/image/private/f_auto,q_auto/league/jzzqz5ubkilrn9dpxtlp",QB,18,REG,A01,Joe,BUR679731,52409,32004255-5267-9731-81c8-48673dcec5e2,2020,2020.0,CIN,1.0,27.0
2024,BUF,QB,QB,6.0,RES,Shane Buechele,Shane,Buechele,1998-01-08,72.0,205,Southern Methodist,00-0036679,4039034,d7c63db7-dfe8-4cd6-a684-90342d12fa26,33879,15262,12659,,,8002,3,"https://static.www.nfl.com/image/upload/f_auto,q_auto/league/ufr8xg8gnfsnspxsa5ht",,21,CON,R01,Shane,BUE133180,53884,32004255-4513-3180-19c0-87196ba1f81a,2021,2021.0,,,26.0
2024,IND,QB,QB,4.0,ACT,Sam Ehlinger,Samuel,Ehlinger,1998-09-30,74.0,235,Texas,00-0036879,4241820,59f4acd0-971a-4470-ab8d-17900a4b128a,33606,15328,60555,EhliSa00,,7583,3,"https://static.www.nfl.com/image/upload/f_auto,q_auto/league/vubjzsj0dowty2bwlj8s",,18,REG,A01,Sam,EHL426541,53647,32004548-4c42-6541-a2ef-ab82d9f8abe9,2021,2021.0,IND,218.0,25.0
2024,HOU,QB,QB,10.0,ACT,Davis Mills,Davis,Mills,1998-10-21,76.0,225,Stanford,00-0036898,4242546,7d51fab7-2d52-4d19-a021-19a123af0d10,33455,15542,52269,MillDa02,,7585,3,"https://static.www.nfl.com/image/upload/f_auto,q_auto/league/ednftvn7qywdim05j7u5",,20,DIV,A01,Davis,MIL678397,53496,32004d49-4c67-8397-4c7b-81c6636ba80e,2021,2021.0,HOU,67.0,25.0
2024,TB,QB,QB,2.0,ACT,Kyle Trask,Kyle,Trask,1998-03-06,77.0,240,Florida,00-0036928,4034946,13038760-a019-4e2a-9aea-f13d7dce5bda,33452,15335,39987,TrasKy00,,7605,3,"https://static.www.nfl.com/image/upload/f_auto,q_auto/league/bnraldiwx6rqfbawxkvs",,19,WC,A01,Kyle,TRA389332,53493,32005452-4138-9332-1a15-4c69635ccf01,2021,2021.0,TB,64.0,26.0
2024,PHI,QB,QB,13.0,DEV,Ian Book,Ian,Book,1998-03-30,72.0,212,Notre Dame,00-0036929,4046678,0d3113f7-2a82-4fba-a0ab-bfe068746a8a,33521,15368,40216,BookIa00,,7589,3,"https://static.www.nfl.com/image/upload/f_auto,q_auto/league/gfizehze3lahkqm40vk4",,22,SB,P01,Ian,BOO005015,53562,3200424f-4f00-5015-50d0-d01856521a5c,2021,2021.0,NO,133.0,26.0
2024,PIT,QB,QB,2.0,ACT,Justin Fields,Justin,Fields,1999-03-05,75.0,223,Ohio State,00-0036945,4362887,cf15be8f-9117-4531-a517-2b9c7cb3e9e1,33399,15416,82118,FielJu00,,7591,3,"https://static.www.nfl.com/image/upload/f_auto,q_auto/league/vqcvybvs1vlqhkjvujbg",QB,19,WC,A01,Justin,FIE769504,53440,32004649-4576-9504-963d-c33127e80752,2021,2021.0,CHI,11.0,25.0
2024,JAX,QB,QB,16.0,RES,Trevor Lawrence,Trevor,Lawrence,1999-10-06,78.0,220,Clemson,00-0036971,4360310,aaa8b42c-4d87-45f6-bfd2-e31cfed9a736,33389,15357,77632,LawrTr00,,7523,3,"https://static.www.nfl.com/image/upload/f_auto,q_auto/league/ftznnho2rk2xzrculbob",,18,REG,R01,Trevor,LAW514099,53430,32004c41-5751-4099-56fc-f565c8d26c06,2021,2021.0,JAX,1.0,24.0
2024,JAX,QB,QB,10.0,ACT,Mac Jones,Michael,Jones,1998-09-05,75.0,214,Alabama,00-0036972,4241464,1fd00ec3-b758-46d2-a2c1-cca521ea8a54,33403,15402,60323,JoneMa05,,7527,3,"https://static.www.nfl.com/image/upload/f_auto,q_auto/league/pedpdxybeus7mrovsoko",QB,18,REG,A01,Mac,JON586540,53444,32004a4f-4e58-6540-bb7f-c07b995d57a4,2021,2021.0,NE,15.0,25.0
2024,DAL,QB,QB,19.0,ACT,Trey Lance,Trey,Lance,2000-05-09,76.0,226,North Dakota State,00-0037012,4383351,676a508c-c65f-404a-a2b0-f861a4bfd072,33391,15198,91399,LancTr00,,7610,3,"https://static.www.nfl.com/image/upload/f_auto,q_auto/league/fas0q1ssb3ihak6pduet",QB,18,REG,A01,Trey,LAN016787,53432,32004c41-4e01-6787-f7d5-ee3cea053121,2021,2021.0,SF,3.0,24.0
2024,DEN,QB,QB,4.0,INA,Zach Wilson,Zachary,Wilson,1999-08-03,74.0,208,Brigham Young,00-0037013,4361259,17bb63b1-1b0e-48e1-baf7-55cd314d0e62,33390,15330,82096,WilsZa00,,7538,3,"https://static.www.nfl.com/image/upload/f_auto,q_auto/league/okhlne3kgc11gwv4w6s8",,19,WC,A01,Zach,WIL827119,53431,32005749-4c82-7119-d27e-724ec33f130b,2021,2021.0,NYJ,2.0,25.0
2024,JAX,QB,QB,6.0,CUT,E.J. Perry,Ernest,Perry,1998-08-16,74.0,210,Brown,00-0037068,,,,,,,,,2,"https://static.www.nfl.com/image/private/f_auto,q_auto/league/yfyq8swc5hv8odqlvl6n",,1,REG,P01,E.J.,PER556525,54765,32005045-5255-6525-55d9-15c1ccbd72f3,2022,2022.0,,,26.0
2024,SEA,QB,QB,6.0,ACT,Sam Howell,Sam,Howell,2000-09-16,73.0,225,North Carolina,00-0037077,4426875,7d85e9c2-f464-4654-9200-acfcffd7dfaf,34100,15825,,HoweSa00,,8162,2,"https://static.www.nfl.com/image/upload/f_auto,q_auto/league/xd9l7dbtwz8bpvygmcab",,18,REG,A01,Sam,HOW692969,54609,3200484f-5769-2969-b928-41cea02da32b,2022,2022.0,WAS,144.0,23.0
2024,BUF,QB,QB,5.0,DEV,Anthony Brown,Anthony,Brown,1998-07-27,73.0,226,Oregon,00-0037175,4035312,16f9e1a0-c97e-11ec-a1a0-57a82b503f37,34389,16232,,BrowAn06,,8241,2,"https://static.www.nfl.com/image/private/f_auto,q_auto/league/wsbie1tqhz6uwtf49tmj",,21,CON,P01,Anthony,BRO260218,54853,32004252-4f26-0218-8fe2-72824b3fcbdd,2022,2022.0,,,26.0
2024,KC,QB,QB,19.0,DEV,Chris Oladokun,Chris,Oladokun,1997-09-03,73.0,195,South Dakota State,00-0037324,4044111,7078cdfc-032b-4f85-8b4b-720f926ba1cb,34197,16291,,OladCh00,,8413,2,"https://static.www.nfl.com/image/upload/f_auto,q_auto/league/l3cx5zsyz0nvwl4ycszo",,22,SB,P01,Chris,OLA166115,54706,32004f4c-4116-6115-589e-83a6fa13f48d,2022,2022.0,PIT,241.0,26.0
2024,MIA,QB,QB,19.0,ACT,Skylar Thompson,Skylar,Thompson,1997-06-04,74.0,221,Kansas State,00-0037327,4036419,5ba2c367-a293-4d83-9268-a0e392ebca1a,34203,15974,,ThomSk00,,8206,2,"https://static.www.nfl.com/image/upload/f_auto,q_auto/league/pfzzkuppkzuy1obzuf0m",,18,REG,A01,Skylar,THO688036,54712,32005448-4f68-8036-e585-25fef5e651b9,2022,2022.0,MIA,247.0,27.0
2024,SF,QB,QB,13.0,INA,Brock Purdy,Brock,Purdy,1999-12-27,73.0,212,Iowa State,00-0037834,4361741,d5aef708-ad61-4ab8-a637-62ff96e92040,34218,15834,,PurdBr00,,8183,2,"https://static.www.nfl.com/image/upload/f_auto,q_auto/league/myvg8siij2bn9ecx7btm",,18,REG,A01,Brock,PUR243289,54727,32005055-5224-3289-b108-8aab5e23b748,2022,2022.0,SF,262.0,24.0
2024,PHI,QB,QB,7.0,ACT,Kenny Pickett,Kenny,Pickett,1998-06-06,75.0,220,Pittsburgh,00-0038102,4240703,ef7ae1f1-4ebe-4759-bbb3-32bd177ace08,33975,15841,,PickKe00,,8160,2,"https://static.www.nfl.com/image/upload/f_auto,q_auto/league/lbyu04eubfsgezqftovz",QB,22,SB,A01,Kenny,PIC777233,54485,32005049-4377-7233-6101-772adaebe15c,2022,2022.0,PIT,20.0,26.0
2024,CLE,QB,QB,2.0,ACT,Bailey Zappe,Bailey,Zappe,1999-04-26,73.0,220,Western Kentucky,00-0038108,4250360,14926860-abef-45a9-b8f6-e66103ca6029,34093,15975,,ZappBa00,,8157,2,"https://static.www.nfl.com/image/upload/f_auto,q_auto/league/m0aps8mb4jev4t4tduir",QB,18,REG,A01,Bailey,ZAP470663,54602,32005a41-5047-0663-6fb0-6258fe542390,2022,2022.0,NE,137.0,25.0
2024,LV,QB,QB,10.0,ACT,Desmond Ridder,Desmond,Ridder,1999-08-31,75.0,215,Cincinnati,00-0038122,4239086,6bf35760-217c-401d-b80b-2ae7cc5d7564,34030,15928,,RiddDe00,,8159,2,"https://static.www.nfl.com/image/upload/f_auto,q_auto/league/rhpusa7pfgd82d9ui6y7",QB,18,REG,A01,Desmond,RID080474,54539,32005249-4408-0474-6bc7-b6ac95881989,2022,2022.0,ATL,74.0,25.0
2024,GB,QB,QB,2.0,ACT,Malik Willis,Malik,Willis,1999-05-25,73.0,215,Liberty,00-0038128,4242512,55aefcf9-4dfb-4994-883f-4d537a6f1ddb,34042,15872,,WillMa12,,8161,2,"https://static.www.nfl.com/image/upload/f_auto,q_auto/league/e6w0hpe2pzefydmhqmr7",,19,WC,A01,Malik,WIL614428,54551,32005749-4c61-4428-8345-922a57c28423,2022,2022.0,TEN,86.0,25.0
2024,MIN,QB,QB,17.0,CUT,Matt Corral,Matt,Corral,1999-01-31,73.0,205,Mississippi,00-0038132,4362874,d7f4a7fe-86b6-44d8-8944-58271f1299b1,34050,15865,,CorrMa00,,8164,2,"https://static.www.nfl.com/image/private/f_auto,q_auto/league/idekdcxkpymz5exvnkc6",,1,REG,W03,Matt,COR644234,54559,3200434f-5264-4234-3a2e-d0d8c1f80e47,2022,2022.0,CAR,94.0,25.0
2024,NYG,QB,QB,13.0,CUT,Nathan Rourke,Nathan,Rourke,1998-05-24,73.0,210,Ohio,00-0038150,4244688,0c335820-9505-11ed-b971-3962699b1229,40016,14646,,,,8938,4,"https://static.www.nfl.com/image/private/f_auto,q_auto/league/gpvlwly5mtuimxf5awgj",,1,REG,A01,Nathan,ROU284703,54152,3200524f-5528-4703-b991-bdba9a2e9d48,2020,2023.0,,,26.0
2024,LA,QB,QB,4.0,CUT,Dresser Winn,Dresser,Winn,1998-11-11,75.0,215,Tennessee-Martin,00-0038385,4250970,adefcf10-e8e6-11ed-b5d6-23d85f497f81,,17478,,,,11169,1,"https://static.www.nfl.com/image/upload/f_auto,q_auto/league/bebtktnxlirbg8fs8fcy",,1,REG,W03,Dresser,WIN445342,56165,32005749-4e44-5342-85ee-5364625b81ca,2023,2023.0,,,25.0
2024,GB,QB,QB,6.0,INA,Sean Clifford,Sean,Clifford,1998-07-14,74.0,212,Penn State,00-0038391,4259592,332b31ed-37a0-4172-acde-f7377c5bdff1,40173,17061,,ClifSe00,,10983,1,"https://static.www.nfl.com/image/upload/f_auto,q_auto/league/ru4qdl0ffm28dvywvc4r",,19,WC,A01,Sean,CLI043683,56014,3200434c-4904-3683-3aeb-c3acefbb5fe0,2023,2023.0,GB,149.0,26.0
2024,PHI,QB,QB,16.0,INA,Tanner McKee,Tanner,McKee,2000-04-27,78.0,230,Stanford,00-0038400,4685201,93147c90-09c8-471d-a6b2-0b9d19739ba1,40220,16686,,McKeTa01,,9230,1,"https://static.www.nfl.com/image/upload/f_auto,q_auto/league/q0uc1cubsh0rwc4ezuul",,22,SB,A01,Tanner,MCK156404,56053,32004d43-4b15-6404-8b65-d2cfdf887c42,2023,2023.0,PHI,188.0,24.0
2024,CHI,QB,QB,17.0,ACT,Tyson Bagent,Tyson,Bagent,2000-06-08,75.0,210,Shepherd,00-0038416,4434153,9bdeb910-ead2-11ed-999e-03b49558b5db,40504,16946,,BageTy00,,11256,1,"https://static.www.nfl.com/image/upload/f_auto,q_auto/league/m6ls9t5npcqavk3eoa9c",,18,REG,A01,Tyson,BAG565656,56167,32004241-4756-5656-dc05-96cbcc86cf60,2023,2023.0,,,24.0
2024,NYG,QB,QB,15.0,ACT,Tommy DeVito,Tommy,DeVito,1998-08-07,74.0,210,Illinois,00-0038476,4240391,a1ae8db0-eb91-11ed-a4cb-cd397e2b413c,40533,16797,,DeViTo00,,11292,1,"https://static.www.nfl.com/image/upload/f_auto,q_auto/league/ntolppjso4da6spe6okt",,18,REG,A01,Tommy,DEV303010,56231,32004445-5630-3010-3a66-9815697c810a,2023,2023.0,,,26.0
2024,DET,QB,QB,2.0,INA,Hendon Hooker,Hendon,Hooker,1998-01-13,75.0,218,Tennessee,00-0038550,4240858,25b10007-802d-4ebb-8314-3eb7b24ddc37,40096,16905,,HookHe00,,9998,1,"https://static.www.nfl.com/image/upload/f_auto,q_auto/league/ym5l2he8pycechphzse6",,20,DIV,A01,Hendon,HOO297694,55933,3200484f-4f29-7694-9fe6-58ca0d039d74,2023,2023.0,DET,68.0,26.0
2024,LV,QB,QB,12.0,ACT,Aidan O'Connell,Aidan,O'Connell,1998-09-01,75.0,210,Purdue,00-0038579,4260394,5891a917-9071-4bc2-a652-7f702c44cbd2,40138,16716,,OConAi00,,10866,1,"https://static.www.nfl.com/image/upload/f_auto,q_auto/league/aphs7sdbtn8v4zo9pz6w",QB,18,REG,A01,Aidan,OCO075507,56000,32004f43-4f07-5507-fffe-35de4751ec57,2023,2023.0,LV,135.0,25.0
2024,ARI,QB,QB,15.0,ACT,Clayton Tune,Clayton,Tune,1999-03-23,75.0,220,Houston,00-0038582,4360175,b2810d1e-3ea7-4907-bb34-93b40e893c08,40188,16913,,TuneCl00,,10217,1,"https://static.www.nfl.com/image/upload/f_auto,q_auto/league/bbiianhnrupao5vm4onx",QB,18,REG,A01,Clayton,TUN207645,56004,32005455-4e20-7645-a8d5-751fe16584b1,2023,2023.0,ARI,139.0,25.0
2024,CLE,QB,QB,17.0,ACT,Dorian Thompson-Robinson,Dorian,Thompson-Robinson,1999-11-14,74.0,205,UCLA,00-0038583,4367178,d66ae3ad-8a60-47e7-a3b2-18a1e8377e1b,40195,16945,,ThomDo02,,10862,1,"https://static.www.nfl.com/image/upload/f_auto,q_auto/league/ujuyt3hpswlin3aahmhu",QB,18,REG,A01,Dorian,THO744868,56005,32005448-4f74-4868-ca39-079204531939,2023,2023.0,CLE,140.0,24.0
2024,SEA,QB,QB,15.0,INA,Jaren Hall,Jaren,Hall,1998-03-24,72.0,205,Brigham Young,00-0038598,4373632,84ba4cc6-8740-45c8-898b-9233e1791186,40185,16776,,HallJa00,,9231,1,"https://static.www.nfl.com/image/upload/f_auto,q_auto/league/ki7jq97gzu1dv16hi4jq",,18,REG,A01,Jaren,HAL358200,56029,32004841-4c35-8200-d3b2-64a39d20a53c,2023,2023.0,MIN,164.0,26.0
2024,LAC,QB,QB,8.0,CUT,Max Duggan,Max,Duggan,2001-03-12,74.0,210,Texas Christian,00-0038637,4427105,a7ef9eec-dab5-4321-a836-af3d085b4ba4,40272,16729,,DuggMa00,,10233,1,,,1,REG,A01,Max,DUG565396,56104,32004455-4756-5396-a842-2d2dca11d19e,2023,2023.0,LAC,239.0,23.0
2024,NYJ,QB,QB,15.0,DEV,Adrian Martinez,Adrian,Martinez,2000-01-07,74.0,225,Kansas State,00-0038658,,,,,,,,,1,"https://static.www.nfl.com/image/upload/f_auto,q_auto/league/s1yf7b4qpe7pyvwq9ye0",,18,REG,P01,Adrian,MAR776119,56348,32004d41-5277-6119-bf26-960a914a3c4d,2023,2023.0,,,24.0
2024,NO,QB,QB,3.0,ACT,Jake Haener,Jake,Haener,1999-03-10,73.0,195,Fresno State,00-0038998,4243322,70376919-8220-4128-a089-72d5b10f2346,40144,16912,,HaenJa00,,10215,1,"https://static.www.nfl.com/image/upload/f_auto,q_auto/league/wugesxgiiuzs6fdymp57",,18,REG,A01,Jake,HAE351032,55992,32004841-4535-1032-5335-81e19a8e5996,2023,2023.0,NO,127.0,25.0
2024,LA,QB,QB,13.0,INA,Stetson Bennett,Stetson,Bennett,1997-10-28,71.0,190,Georgia,00-0039107,4259553,a5cc5958-01f9-4b7d-a8d9-c44625d53ed5,40153,16871,,BennSt00,,10857,1,"https://static.www.nfl.com/image/upload/f_auto,q_auto/league/dorzszcuggyps9ifu7iz",,20,DIV,A01,Stetson,BEN440455,55993,32004245-4e44-0455-998d-976cf08f74c6,2023,2023.0,LA,128.0,26.0
2024,CAR,QB,QB,9.0,ACT,Bryce Young,Bryce,Young,2001-07-25,70.0,194,Alabama,00-0039150,4685720,38475bfa-9773-4c3b-9157-a0dbd576fa22,40029,16807,,YounBr01,,9228,1,"https://static.www.nfl.com/image/upload/f_auto,q_auto/league/gdmtmmviwadpobyjogal",QB,18,REG,A01,Bryce,YOU124763,55865,3200594f-5512-4763-ab24-c1bd051ef0ef,2023,2023.0,CAR,1.0,23.0
2024,TEN,QB,QB,8.0,ACT,Will Levis,Will,Levis,1999-06-27,76.0,232,Kentucky,00-0039152,4361418,4c8a2f7e-f982-4eca-9d52-cf53df6985a4,40068,16665,,LeviWi00,,9999,1,"https://static.www.nfl.com/image/upload/f_auto,q_auto/league/vr01ufscgtoagtuut9o4",QB,18,REG,A01,Will,LEV604187,55898,32004c45-5660-4187-2b50-c23ff4a6e28e,2023,2023.0,TEN,33.0,25.0
2024,HOU,QB,QB,7.0,ACT,C.J. Stroud,Coleridge,Stroud,2001-10-03,75.0,218,Ohio State,00-0039163,4432577,7e91086f-9ca4-4bd9-a099-b88b2f37e6c6,40030,16886,,StroCJ00,,9758,1,"https://static.www.nfl.com/image/upload/f_auto,q_auto/league/fbk2eqpo54lawppgetjn",QB,20,DIV,A01,C.J.,STR702090,55866,32005354-5270-2090-cc17-67cd6da43535,2023,2023.0,HOU,2.0,22.0
2024,IND,QB,QB,5.0,INA,Anthony Richardson,Anthony,Richardson,2002-05-22,76.0,232,Florida,00-0039164,4429084,5fc5b4a6-a583-4345-a810-4f982204ea5e,40040,16653,,RichAn03,,9229,1,"https://static.www.nfl.com/image/upload/f_auto,q_auto/league/areyvihumylqo7y2ehk2",,18,REG,A01,Anthony,RIC387833,55868,32005249-4338-7833-9fd1-1d5e168eb504,2023,2023.0,IND,4.0,22.0
2024,TB,QB,QB,11.0,DEV,Michael Pratt,Michael,Pratt,2001-09-30,75.0,220,Tulane,00-0039238,4685039,da5f9694-1b77-4f6e-acea-6fc76145f79a,41130,16996,,PratMi00,,11561,0,"https://static.www.nfl.com/image/upload/f_auto,q_auto/league/b6yukfgbqhdmfcjzewpy",,19,WC,P01,Michael,PRA655305,57365,32005052-4165-5305-a1aa-4da26b5ac707,2024,2024.0,GB,245.0,22.0
2024,ATL,QB,QB,11.0,DEV,Emory Jones,Emory,Jones,2000-04-29,74.0,210,Cincinnati,00-0039331,,,,,,,,,0,"https://static.www.nfl.com/image/upload/f_auto,q_auto/league/wnvgzvxnpu8sc53apmsc",,18,REG,P01,Emory,JON289014,57485,32004a4f-4e28-9014-f569-8e8613f6e0a3,2024,2024.0,,,24.0
2024,NYJ,QB,QB,14.0,CUT,Andrew Peasley,Andrew,Peasley,2000-01-06,74.0,218,Wyoming,00-0039334,4361607,d457b9b0-0be5-11ef-8e50-9d203e364b13,,18226,,,,12270,0,,,1,REG,W03,Andrew,PEA706965,57488,32005045-4170-6965-e538-f3da2bdbdc0a,2024,2024.0,,,24.0
2024,NO,QB,QB,18.0,ACT,Spencer Rattler,Spencer,Rattler,2000-09-28,72.0,218,South Carolina,00-0039376,4426339,e0eecf78-86b2-4ee8-8ac9-d7713a138765,41043,17782,,RattSp00,,11562,0,"https://static.www.nfl.com/image/upload/f_auto,q_auto/league/xhllpfkd4hrpbwczbca6",QB,18,REG,A01,Spencer,RAT689214,57271,32005241-5468-9214-c9ac-83458db99cd0,2024,2024.0,NO,150.0,23.0
2024,NE,QB,QB,19.0,ACT,Joe Milton III,Joe,Milton,2000-03-06,77.0,235,Tennessee,00-0039398,4360698,74043480-24ef-4c26-99d4-18f43d5b41d3,41060,17830,,MiltJo00,,11557,0,"https://static.www.nfl.com/image/upload/f_auto,q_auto/league/x1c3tu0bkgqokripa885",QB,18,REG,A01,Joe,MIL818788,57313,32004d49-4c81-8788-f5e1-fe90adee6d31,2024,2024.0,NE,193.0,24.0
2024,CHI,QB,QB,16.0,DEV,Austin Reed,Austin,Reed,2000-02-22,73.0,220,Western Kentucky,00-0039464,4368343,3dd3c120-05b2-11ef-a7ec-77a76ba1f065,41220,17980,,,,11931,0,"https://static.www.nfl.com/image/upload/f_auto,q_auto/league/as3ophwqsfgusvffepv1",,18,REG,P01,Austin,REE145604,57578,32005245-4514-5604-8232-ba9e3ceb8ba6,2024,2024.0,,,24.0
2024,MIA,QB,QB,16.0,ACT,Gavin Hardison,Gavin,Hardison,,75.0,215,Texas-El Paso,00-0039482,,,,,,,,,0,,,1,REG,A01,Gavin,,57597,,2024,2024.0,,,
2024,CAR,QB,QB,16.0,INA,Jack Plummer,Jack,Plummer,1999-10-21,77.0,215,Louisville,00-0039501,2961162,1897f020-070b-11ef-860e-85b981b3a108,,17948,,,,12009,0,"https://static.www.nfl.com/image/upload/f_auto,q_auto/league/dg49og3tpz8gzkiisdt9",,18,REG,A01,Jack,PLU235233,57616,3200504c-5523-5233-9f67-256025ee99a4,2024,2024.0,,,24.0
2024,LV,QB,QB,14.0,INA,Carter Bradley,Carter,Bradley,2000-03-09,75.0,216,South Alabama,00-0039534,4362260,30ee4a00-04fb-11ef-bec6-79d1846dfa68,41133,17918,,,,11851,0,"https://static.www.nfl.com/image/upload/f_auto,q_auto/league/kw2ogega4ojum3hyecya",,18,REG,A01,Carter,BRA119394,57653,32004252-4111-9394-d492-3227e4fed9a2,2024,2024.0,,,24.0
2024,IND,QB,QB,12.0,DEV,Jason Bean,Jason,Bean,1999-12-03,74.0,205,Kansas,00-0039575,4360900,a6172a30-07d1-11ef-9660-238a22e41658,,18266,,,,12190,0,"https://static.www.nfl.com/image/upload/f_auto,q_auto/league/zxxuqmmnjevwu2vmzwez",,18,REG,P01,Jason,BEA335664,57695,32004245-4133-5664-fb8a-1a183951f209,2024,2024.0,,,24.0
2024,HOU,QB,QB,16.0,DEV,Kedon Slovis,Kedon,Slovis,2001-04-11,75.0,215,Brigham Young,00-0039577,4428512,4842ee80-07d1-11ef-977b-d7c6de486031,41476,17979,,,,11648,0,"https://static.www.nfl.com/image/upload/f_auto,q_auto/league/isvdc07rqqvb17apaxf0",,20,DIV,P01,Kedon,SLO748677,57697,3200534c-4f74-8677-805f-b3005fb4ef05,2024,2024.0,,,23.0
2024,TB,QB,QB,19.0,CUT,Zack Annexstad,Zack,Annexstad,2000-04-16,75.0,220,Illinois State,00-0039597,,,,,,,,,0,,,1,REG,A01,Zack,ANN454843,57717,3200414e-4e45-4843-3c08-108501596857,2024,2024.0,,,24.0
2024,CIN,QB,QB,4.0,CUT,Rocky Lombardi,Rocky,Lombardi,1998-07-30,75.0,223,Northern Illinois,00-0039633,,,,,,,,,0,"https://static.www.nfl.com/image/upload/f_auto,q_auto/league/plodpsgx1rzgnf22posb",,1,REG,W03,Rocky,LOM696475,57774,32004c4f-4d69-6475-a060-7c171abb07d4,2024,2024.0,,,26.0
2024,LAC,QB,QB,16.0,CUT,Casey Bauman,Casey,Bauman,2000-05-18,79.0,225,"Augustana, S.D.",00-0039657,,,,,,,,,0,,,1,REG,A01,Casey,BAU474820,57798,32004241-5547-4820-23ca-b391f0cd2512,2024,2024.0,,,24.0
2024,WAS,QB,QB,15.0,DEV,Sam Hartman,Sam,Hartman,1999-07-29,73.0,210,Notre Dame,00-0039677,4361994,007971f0-f012-11ed-833c-ebfbb713adc7,,17664,,,,11376,0,"https://static.www.nfl.com/image/upload/f_auto,q_auto/league/mj9bvcyihsspmkwcbral",,21,CON,P01,Sam,HAR733165,57818,32004841-5273-3165-18c9-dd03a4f138e2,2024,2024.0,,,25.0
2024,SF,QB,QB,4.0,DEV,Tanner Mordecai,Tanner,Mordecai,1999-11-08,74.0,218,Wisconsin,00-0039699,4360271,9872e720-057e-11ef-8f42-d1679459a166,,18088,,,,11924,0,"https://static.www.nfl.com/image/upload/f_auto,q_auto/league/m9perzblplnzzit1mpzb",,18,REG,P01,Tanner,MOR090046,57862,32004d4f-5209-0046-8481-a31c6fe62458,2024,2024.0,,,24.0
2024,ATL,QB,QB,16.0,CUT,John Paddock,John,Paddock,2000-03-27,72.0,190,Illinois,00-0039723,,,,,,,,,0,,,1,REG,W03,John,PAD222477,57886,32005041-4422-2477-6692-4a655317cc02,2024,2024.0,,,24.0
2024,DEN,QB,QB,10.0,ACT,Bo Nix,Bo,Nix,2000-02-25,74.0,217,Oregon,00-0039732,4426338,f056c8ed-6ee5-492c-af11-3f7e3d97195c,40875,16995,,NixxBo00,,11563,0,"https://static.www.nfl.com/image/upload/f_auto,q_auto/league/zibtvsprpauxnytis229",QB,19,WC,A01,Bo,NIX118212,57133,32004e49-5811-8212-6abe-fc1a8b4f4942,2024,2024.0,DEN,12.0,24.0
2024,NYJ,QB,QB,3.0,RES,Jordan Travis,Jordan,Travis,2000-05-02,73.0,212,Florida State,00-0039797,4360799,b73bd8ba-a6bc-4731-9ef5-47b400a2713d,41037,17809,,TravJo00,,11567,0,"https://static.www.nfl.com/image/upload/f_auto,q_auto/league/vmx75tdqnnncihvcxksg",,18,REG,R05,Jordan,TRA524735,57292,32005452-4152-4735-102b-967a8bcf04c5,2024,2024.0,NYJ,171.0,24.0
2024,BAL,QB,QB,13.0,DEV,Devin Leary,Devin,Leary,1999-09-10,73.0,212,Kentucky,00-0039801,4361653,8e947d6d-f043-4e12-8a42-b7c30732cdeb,41069,17911,,LearDe00,,11556,0,"https://static.www.nfl.com/image/upload/f_auto,q_auto/league/srbaw0itijtfo40uzsdt",,20,DIV,P01,Devin,LEA595129,57338,32004c45-4159-5129-c6ae-bf2409b62fc7,2024,2024.0,BAL,218.0,24.0
2024,NE,QB,QB,10.0,ACT,Drake Maye,Drake,Maye,2002-08-30,76.0,225,North Carolina,00-0039851,4431452,d0c0630e-8925-4b81-a32b-e4146d95f01f,40881,17673,,MayeDr00,,11564,0,"https://static.www.nfl.com/image/upload/f_auto,q_auto/league/iy96wbyjth5ehizc0xq5",QB,18,REG,A01,Drake,MAY289639,57124,32004d41-5928-9639-2999-10019fb4c292,2024,2024.0,NE,3.0,22.0
2024,WAS,QB,QB,5.0,ACT,Jayden Daniels,Jayden,Daniels,2000-12-18,76.0,210,Louisiana State,00-0039910,4426348,bab8c65a-9fff-410d-8e34-dc2f636d890e,40896,17692,,DaniJa02,,11566,0,"https://static.www.nfl.com/image/upload/f_auto,q_auto/league/mh9rkwpmq1rgfarg9rpm",QB,21,CON,A01,Jayden,DAN567618,57123,32004441-4e56-7618-ab61-f08cbf558acd,2024,2024.0,WAS,2.0,23.0
2024,ATL,QB,QB,9.0,ACT,Michael Penix Jr.,Michael,Penix,2000-05-08,75.0,213,Washington,00-0039917,4360423,6499a161-b221-4591-b122-d99ece1be64b,40889,17700,,PeniMi00,,11559,0,"https://static.www.nfl.com/image/upload/f_auto,q_auto/league/ono6a9myuvmgmfz1y43t",QB,18,REG,A01,Michael,PEN238127,57129,32005045-4e23-8127-7dad-e744751fdd0c,2024,2024.0,ATL,8.0,24.0
2024,CHI,QB,QB,18.0,ACT,Caleb Williams,Caleb,Williams,2001-11-18,73.0,215,Southern California,00-0039918,4431611,49d4b627-3f19-49a8-ae33-f539e0fb1f88,40900,17695,,WillCa03,,11560,0,"https://static.www.nfl.com/image/upload/f_auto,q_auto/league/idewrhb7kngpdtrvku31",QB,18,REG,A01,Caleb,WIL176897,57122,32005749-4c17-6897-a516-9754023602e6,2024,2024.0,CHI,1.0,22.0
2024,MIN,QB,QB,9.0,RES,J.J. McCarthy,Jonathan,McCarthy,2003-01-20,75.0,202,Michigan,00-0039923,4433970,587cc3c3-aeda-4ac7-8803-a7e4db195534,40905,17689,,McCaJJ00,,11565,0,"https://static.www.nfl.com/image/upload/f_auto,q_auto/league/t4ncswnffrpzp0jtldmx",,19,WC,R01,J.J.,MCC189531,57131,32004d43-4318-9531-b3f5-120a14383239,2024,2024.0,MIN,10.0,21.0
